continent,country,date,total_cases,new_cases,total_deaths,new_deaths,icu_patients,people_fully_vaccinated,population
North America,Canada,2020-01-26,1.0,1.0,0.0,0.0,0.0,0.0,38067913.0
North America,Canada,2020-01-27,1.0,0.0,0.0,0.0,0.0,0.0,38067913.0
North America,Canada,2020-01-28,2.0,1.0,0.0,0.0,0.0,0.0,38067913.0
North America,Canada,2020-01-29,2.0,0.0,0.0,0.0,0.0,0.0,38067913.0
North America,Canada,2020-01-30,2.0,0.0,0.0,0.0,0.0,0.0,38067913.0
North America,Canada,2020-01-31,4.0,2.0,0.0,0.0,0.0,0.0,38067913.0
North America,Canada,2020-02-01,4.0,0.0,0.0,0.0,0.0,0.0,38067913.0
North America,Canada,2020-02-02,4.0,0.0,0.0,0.0,0.0,0.0,38067913.0
North America,Canada,2020-02-03,4.0,0.0,0.0,0.0,0.0,0.0,38067913.0
North America,Canada,2020-02-04,4.0,0.0,0.0,0.0,0.0,0.0,38067913.0
North America,Canada,2020-02-05,5.0,1.0,0.0,0.0,0.0,0.0,38067913.0
North America,Canada,2020-02-06,5.0,0.0,0.0,0.0,0.0,0.0,38067913.0
North America,Canada,2020-02-07,7.0,2.0,0.0,0.0,0.0,0.0,38067913.0
North America,Canada,2020-02-08,7.0,0.0,0.0,0.0,0.0,0.0,38067913.0
North America,Canada,2020-02-09,7.0,0.0,0.0,0.0,0.0,0.0,38067913.0
North America,Canada,2020-02-10,7.0,0.0,0.0,0.0,0.0,0.0,38067913.0
North America,Canada,2020-02-11,7.0,0.0,0.0,0.0,0.0,0.0,38067913.0
North America,Canada,2020-02-12,7.0,0.0,0.0,0.0,0.0,0.0,38067913.0
North America,Canada,2020-02-13,7.0,0.0,0.0,0.0,0.0,0.0,38067913.0
North America,Canada,2020-02-14,7.0,0.0,0.0,0.0,0.0,0.0,38067913.0
North America,Canada,2020-02-15,7.0,0.0,0.0,0.0,0.0,0.0,38067913.0
North America,Canada,2020-02-16,7.0,0.0,0.0,0.0,0.0,0.0,38067913.0
North America,Canada,2020-02-17,8.0,1.0,0.0,0.0,0.0,0.0,38067913.0
North America,Canada,2020-02-18,8.0,0.0,0.0,0.0,0.0,0.0,38067913.0
North America,Canada,2020-02-19,8.0,0.0,0.0,0.0,0.0,0.0,38067913.0
North America,Canada,2020-02-20,8.0,0.0,0.0,0.0,0.0,0.0,38067913.0
North America,Canada,2020-02-21,9.0,1.0,0.0,0.0,0.0,0.0,38067913.0
North America,Canada,2020-02-22,9.0,0.0,0.0,0.0,0.0,0.0,38067913.0
North America,Canada,2020-02-23,9.0,0.0,0.0,0.0,0.0,0.0,38067913.0
North America,Canada,2020-02-24,10.0,1.0,0.0,0.0,0.0,0.0,38067913.0
North America,Canada,2020-02-25,12.0,2.0,0.0,0.0,0.0,0.0,38067913.0
North America,Canada,2020-02-26,12.0,0.0,0.0,0.0,0.0,0.0,38067913.0
North America,Canada,2020-02-27,14.0,2.0,0.0,0.0,0.0,0.0,38067913.0
North America,Canada,2020-02-28,15.0,1.0,0.0,0.0,0.0,0.0,38067913.0
North America,Canada,2020-02-29,21.0,6.0,0.0,0.0,0.0,0.0,38067913.0
North America,Canada,2020-03-01,26.0,5.0,0.0,0.0,0.0,0.0,38067913.0
North America,Canada,2020-03-02,32.0,6.0,0.0,0.0,0.0,0.0,38067913.0
North America,Canada,2020-03-03,37.0,5.0,0.0,0.0,0.0,0.0,38067913.0
North America,Canada,2020-03-04,42.0,5.0,0.0,0.0,0.0,0.0,38067913.0
North America,Canada,2020-03-05,46.0,4.0,0.0,0.0,0.0,0.0,38067913.0
North America,Canada,2020-03-06,60.0,14.0,0.0,0.0,0.0,0.0,38067913.0
North America,Canada,2020-03-07,64.0,4.0,0.0,0.0,0.0,0.0,38067913.0
North America,Canada,2020-03-08,74.0,10.0,0.0,0.0,0.0,0.0,38067913.0
North America,Canada,2020-03-09,88.0,14.0,1.0,1.0,0.0,0.0,38067913.0
North America,Canada,2020-03-10,92.0,4.0,1.0,0.0,0.0,0.0,38067913.0
North America,Canada,2020-03-11,127.0,35.0,1.0,0.0,0.0,0.0,38067913.0
North America,Canada,2020-03-12,141.0,14.0,1.0,0.0,0.0,0.0,38067913.0
North America,Canada,2020-03-13,213.0,72.0,1.0,0.0,1.0,0.0,38067913.0
North America,Canada,2020-03-14,236.0,23.0,1.0,0.0,2.0,0.0,38067913.0
North America,Canada,2020-03-15,296.0,60.0,1.0,0.0,2.0,0.0,38067913.0
North America,Canada,2020-03-16,450.0,154.0,4.0,3.0,2.0,0.0,38067913.0
North America,Canada,2020-03-17,532.0,82.0,6.0,2.0,6.0,0.0,38067913.0
North America,Canada,2020-03-18,732.0,200.0,11.0,5.0,14.0,0.0,38067913.0
North America,Canada,2020-03-19,921.0,189.0,11.0,0.0,16.0,0.0,38067913.0
North America,Canada,2020-03-20,1175.0,254.0,15.0,4.0,24.0,0.0,38067913.0
North America,Canada,2020-03-21,1653.0,478.0,19.0,4.0,31.0,0.0,38067913.0
North America,Canada,2020-03-22,2045.0,392.0,22.0,3.0,35.0,0.0,38067913.0
North America,Canada,2020-03-23,2600.0,555.0,29.0,7.0,44.0,0.0,38067913.0
North America,Canada,2020-03-24,3185.0,585.0,33.0,4.0,64.0,0.0,38067913.0
North America,Canada,2020-03-25,3683.0,498.0,42.0,9.0,72.0,0.0,38067913.0
North America,Canada,2020-03-26,4550.0,867.0,57.0,15.0,82.0,0.0,38067913.0
North America,Canada,2020-03-27,5249.0,699.0,66.0,9.0,89.0,0.0,38067913.0
North America,Canada,2020-03-28,6085.0,836.0,82.0,16.0,125.0,0.0,38067913.0
North America,Canada,2020-03-29,7015.0,930.0,96.0,14.0,142.0,0.0,38067913.0
North America,Canada,2020-03-30,8121.0,1106.0,125.0,29.0,157.0,0.0,38067913.0
North America,Canada,2020-03-31,9246.0,1125.0,152.0,27.0,165.0,0.0,38067913.0
North America,Canada,2020-04-01,10527.0,1281.0,175.0,23.0,174.0,0.0,38067913.0
North America,Canada,2020-04-02,12219.0,1692.0,224.0,49.0,362.0,0.0,38067913.0
North America,Canada,2020-04-03,13559.0,1340.0,277.0,53.0,397.0,0.0,38067913.0
North America,Canada,2020-04-04,14906.0,1347.0,360.0,83.0,424.0,0.0,38067913.0
North America,Canada,2020-04-05,16475.0,1569.0,435.0,75.0,455.0,0.0,38067913.0
North America,Canada,2020-04-06,17521.0,1046.0,520.0,85.0,486.0,0.0,38067913.0
North America,Canada,2020-04-07,18858.0,1337.0,580.0,60.0,505.0,0.0,38067913.0
North America,Canada,2020-04-08,20154.0,1296.0,648.0,68.0,523.0,0.0,38067913.0
North America,Canada,2020-04-09,21533.0,1379.0,772.0,124.0,561.0,0.0,38067913.0
North America,Canada,2020-04-10,22777.0,1244.0,867.0,95.0,542.0,0.0,38067913.0
North America,Canada,2020-04-11,24084.0,1307.0,986.0,119.0,561.0,0.0,38067913.0
North America,Canada,2020-04-12,25303.0,1219.0,1095.0,109.0,570.0,0.0,38067913.0
North America,Canada,2020-04-13,26937.0,1634.0,1225.0,130.0,576.0,0.0,38067913.0
North America,Canada,2020-04-14,28563.0,1626.0,1361.0,136.0,571.0,0.0,38067913.0
North America,Canada,2020-04-15,30223.0,1660.0,1515.0,154.0,560.0,0.0,38067913.0
North America,Canada,2020-04-16,32790.0,2567.0,1718.0,203.0,540.0,0.0,38067913.0
North America,Canada,2020-04-17,34876.0,2086.0,1844.0,126.0,534.0,0.0,38067913.0
North America,Canada,2020-04-18,36358.0,1482.0,1987.0,143.0,592.0,0.0,38067913.0
North America,Canada,2020-04-19,38026.0,1668.0,2145.0,158.0,516.0,0.0,38067913.0
North America,Canada,2020-04-20,39591.0,1565.0,2291.0,146.0,527.0,0.0,38067913.0
North America,Canada,2020-04-21,41334.0,1743.0,2484.0,193.0,531.0,0.0,38067913.0
North America,Canada,2020-04-22,43641.0,2307.0,2679.0,195.0,518.0,0.0,38067913.0
North America,Canada,2020-04-23,45310.0,1669.0,2850.0,171.0,513.0,0.0,38067913.0
North America,Canada,2020-04-24,47007.0,1697.0,3030.0,180.0,540.0,0.0,38067913.0
North America,Canada,2020-04-25,48570.0,1563.0,3217.0,187.0,533.0,0.0,38067913.0
North America,Canada,2020-04-26,50002.0,1432.0,3374.0,157.0,536.0,0.0,38067913.0
North America,Canada,2020-04-27,51621.0,1619.0,3559.0,185.0,516.0,0.0,38067913.0
North America,Canada,2020-04-28,53297.0,1676.0,3756.0,197.0,521.0,0.0,38067913.0
North America,Canada,2020-04-29,55061.0,1764.0,4000.0,244.0,522.0,0.0,38067913.0
North America,Canada,2020-04-30,56716.0,1655.0,4179.0,179.0,506.0,0.0,38067913.0
North America,Canada,2020-05-01,58549.0,1833.0,4381.0,202.0,514.0,0.0,38067913.0
North America,Canada,2020-05-02,60023.0,1474.0,4529.0,148.0,510.0,0.0,38067913.0
North America,Canada,2020-05-03,61183.0,1160.0,4669.0,140.0,514.0,0.0,38067913.0
North America,Canada,2020-05-04,62743.0,1560.0,4911.0,242.0,510.0,0.0,38067913.0
North America,Canada,2020-05-05,64100.0,1357.0,5081.0,170.0,511.0,0.0,38067913.0
North America,Canada,2020-05-06,65703.0,1603.0,5240.0,159.0,501.0,0.0,38067913.0
North America,Canada,2020-05-07,67146.0,1443.0,5387.0,147.0,506.0,0.0,38067913.0
North America,Canada,2020-05-08,68485.0,1339.0,5540.0,153.0,484.0,0.0,38067913.0
North America,Canada,2020-05-09,69645.0,1160.0,5704.0,164.0,470.0,0.0,38067913.0
North America,Canada,2020-05-10,70736.0,1091.0,5822.0,118.0,457.0,0.0,38067913.0
North America,Canada,2020-05-11,71886.0,1150.0,5956.0,134.0,449.0,0.0,38067913.0
North America,Canada,2020-05-12,73083.0,1197.0,6107.0,151.0,435.0,0.0,38067913.0
North America,Canada,2020-05-13,74307.0,1224.0,6210.0,103.0,436.0,0.0,38067913.0
North America,Canada,2020-05-14,75428.0,1121.0,6331.0,121.0,422.0,0.0,38067913.0
North America,Canada,2020-05-15,76691.0,1263.0,6452.0,121.0,417.0,0.0,38067913.0
North America,Canada,2020-05-16,77871.0,1180.0,6571.0,119.0,404.0,0.0,38067913.0
North America,Canada,2020-05-17,78992.0,1121.0,6661.0,90.0,399.0,0.0,38067913.0
North America,Canada,2020-05-18,80033.0,1041.0,6753.0,92.0,398.0,0.0,38067913.0
North America,Canada,2020-05-19,81183.0,1150.0,6828.0,75.0,402.0,0.0,38067913.0
North America,Canada,2020-05-20,82488.0,1305.0,6950.0,122.0,394.0,0.0,38067913.0
North America,Canada,2020-05-21,83650.0,1162.0,7046.0,96.0,380.0,0.0,38067913.0
North America,Canada,2020-05-22,84814.0,1164.0,7144.0,98.0,369.0,0.0,38067913.0
North America,Canada,2020-05-23,85823.0,1009.0,7238.0,94.0,364.0,0.0,38067913.0
North America,Canada,2020-05-24,86749.0,926.0,7326.0,88.0,368.0,0.0,38067913.0
North America,Canada,2020-05-25,87697.0,948.0,7420.0,94.0,375.0,0.0,38067913.0
North America,Canada,2020-05-26,88502.0,805.0,7512.0,92.0,371.0,0.0,38067913.0
North America,Canada,2020-05-27,89380.0,878.0,7606.0,94.0,376.0,0.0,38067913.0
North America,Canada,2020-05-28,90219.0,839.0,7717.0,111.0,358.0,0.0,38067913.0
North America,Canada,2020-05-29,91054.0,835.0,7797.0,80.0,349.0,0.0,38067913.0
North America,Canada,2020-05-30,91805.0,751.0,7857.0,60.0,336.0,0.0,38067913.0
North America,Canada,2020-05-31,92488.0,683.0,7906.0,49.0,342.0,0.0,38067913.0
North America,Canada,2020-06-01,93330.0,842.0,7952.0,46.0,340.0,0.0,38067913.0
North America,Canada,2020-06-02,93991.0,661.0,8008.0,56.0,340.0,0.0,38067913.0
North America,Canada,2020-06-03,94658.0,667.0,8062.0,54.0,333.0,0.0,38067913.0
North America,Canada,2020-06-04,95283.0,625.0,8126.0,64.0,314.0,0.0,38067913.0
North America,Canada,2020-06-05,95949.0,666.0,8166.0,40.0,296.0,0.0,38067913.0
North America,Canada,2020-06-06,96497.0,548.0,8228.0,62.0,290.0,0.0,38067913.0
North America,Canada,2020-06-07,97164.0,667.0,8269.0,41.0,285.0,0.0,38067913.0
North America,Canada,2020-06-08,97685.0,521.0,8313.0,44.0,278.0,0.0,38067913.0
North America,Canada,2020-06-09,98174.0,489.0,8347.0,34.0,273.0,0.0,38067913.0
North America,Canada,2020-06-10,98669.0,495.0,8382.0,35.0,277.0,0.0,38067913.0
North America,Canada,2020-06-11,99118.0,449.0,8413.0,31.0,274.0,0.0,38067913.0
North America,Canada,2020-06-12,99548.0,430.0,8442.0,29.0,260.0,0.0,38067913.0
North America,Canada,2020-06-13,99959.0,411.0,8470.0,28.0,252.0,0.0,38067913.0
North America,Canada,2020-06-14,100286.0,327.0,8489.0,19.0,227.0,0.0,38067913.0
North America,Canada,2020-06-15,100655.0,369.0,8497.0,8.0,227.0,0.0,38067913.0
North America,Canada,2020-06-16,101021.0,366.0,8521.0,24.0,220.0,0.0,38067913.0
North America,Canada,2020-06-17,101429.0,408.0,8542.0,21.0,208.0,0.0,38067913.0
North America,Canada,2020-06-18,101830.0,401.0,8555.0,13.0,193.0,0.0,38067913.0
North America,Canada,2020-06-19,102233.0,403.0,8580.0,25.0,186.0,0.0,38067913.0
North America,Canada,2020-06-20,102652.0,419.0,8609.0,29.0,188.0,0.0,38067913.0
North America,Canada,2020-06-21,102957.0,305.0,8626.0,17.0,193.0,0.0,38067913.0
North America,Canada,2020-06-22,103313.0,356.0,8646.0,20.0,177.0,0.0,38067913.0
North America,Canada,2020-06-23,103707.0,394.0,8670.0,24.0,178.0,0.0,38067913.0
North America,Canada,2020-06-24,104063.0,356.0,8700.0,30.0,170.0,0.0,38067913.0
North America,Canada,2020-06-25,104387.0,324.0,8723.0,23.0,165.0,0.0,38067913.0
North America,Canada,2020-06-26,104638.0,251.0,8730.0,7.0,156.0,0.0,38067913.0
North America,Canada,2020-06-27,104975.0,337.0,8739.0,9.0,148.0,0.0,38067913.0
North America,Canada,2020-06-28,105348.0,373.0,8749.0,10.0,144.0,0.0,38067913.0
North America,Canada,2020-06-29,105732.0,384.0,8768.0,19.0,143.0,0.0,38067913.0
North America,Canada,2020-06-30,106029.0,297.0,8780.0,12.0,128.0,0.0,38067913.0
North America,Canada,2020-07-01,106226.0,197.0,8790.0,10.0,120.0,0.0,38067913.0
North America,Canada,2020-07-02,106583.0,357.0,8806.0,16.0,119.0,0.0,38067913.0
North America,Canada,2020-07-03,106903.0,320.0,8813.0,7.0,117.0,0.0,38067913.0
North America,Canada,2020-07-04,107116.0,213.0,8821.0,8.0,110.0,0.0,38067913.0
North America,Canada,2020-07-05,107303.0,187.0,8823.0,2.0,105.0,0.0,38067913.0
North America,Canada,2020-07-06,107718.0,415.0,8836.0,13.0,100.0,0.0,38067913.0
North America,Canada,2020-07-07,107973.0,255.0,8843.0,7.0,97.0,0.0,38067913.0
North America,Canada,2020-07-08,108302.0,329.0,8855.0,12.0,98.0,0.0,38067913.0
North America,Canada,2020-07-09,108617.0,315.0,8865.0,10.0,97.0,0.0,38067913.0
North America,Canada,2020-07-10,108957.0,340.0,8879.0,14.0,99.0,0.0,38067913.0
North America,Canada,2020-07-11,109133.0,176.0,8882.0,3.0,93.0,0.0,38067913.0
North America,Canada,2020-07-12,109292.0,159.0,8887.0,5.0,93.0,0.0,38067913.0
North America,Canada,2020-07-13,109965.0,673.0,8895.0,8.0,94.0,0.0,38067913.0
North America,Canada,2020-07-14,110352.0,387.0,8900.0,5.0,96.0,0.0,38067913.0
North America,Canada,2020-07-15,110713.0,361.0,8914.0,14.0,89.0,0.0,38067913.0
North America,Canada,2020-07-16,111160.0,447.0,8926.0,12.0,84.0,0.0,38067913.0
North America,Canada,2020-07-17,111630.0,470.0,8936.0,10.0,87.0,0.0,38067913.0
North America,Canada,2020-07-18,111976.0,346.0,8939.0,3.0,88.0,0.0,38067913.0
North America,Canada,2020-07-19,112231.0,255.0,8943.0,4.0,91.0,0.0,38067913.0
North America,Canada,2020-07-20,112982.0,751.0,8947.0,4.0,97.0,0.0,38067913.0
North America,Canada,2020-07-21,113487.0,505.0,8954.0,7.0,93.0,0.0,38067913.0
North America,Canada,2020-07-22,113836.0,349.0,8958.0,4.0,98.0,0.0,38067913.0
North America,Canada,2020-07-23,114494.0,658.0,8966.0,8.0,98.0,0.0,38067913.0
North America,Canada,2020-07-24,115208.0,714.0,8970.0,4.0,90.0,0.0,38067913.0
North America,Canada,2020-07-25,115554.0,346.0,8974.0,4.0,84.0,0.0,38067913.0
North America,Canada,2020-07-26,115851.0,297.0,8978.0,4.0,81.0,0.0,38067913.0
North America,Canada,2020-07-27,116477.0,626.0,8991.0,13.0,80.0,0.0,38067913.0
North America,Canada,2020-07-28,116838.0,361.0,9001.0,10.0,80.0,0.0,38067913.0
North America,Canada,2020-07-29,117325.0,487.0,9006.0,5.0,80.0,0.0,38067913.0
North America,Canada,2020-07-30,117740.0,415.0,9019.0,13.0,86.0,0.0,38067913.0
North America,Canada,2020-07-31,118297.0,557.0,9025.0,6.0,86.0,0.0,38067913.0
North America,Canada,2020-08-01,118523.0,226.0,9029.0,4.0,87.0,0.0,38067913.0
North America,Canada,2020-08-02,118719.0,196.0,9032.0,3.0,90.0,0.0,38067913.0
North America,Canada,2020-08-03,118945.0,226.0,9035.0,3.0,89.0,0.0,38067913.0
North America,Canada,2020-08-04,119658.0,713.0,9043.0,8.0,99.0,0.0,38067913.0
North America,Canada,2020-08-05,120002.0,344.0,9049.0,6.0,99.0,0.0,38067913.0
North America,Canada,2020-08-06,120315.0,313.0,9055.0,6.0,92.0,0.0,38067913.0
North America,Canada,2020-08-07,120851.0,536.0,9060.0,5.0,86.0,0.0,38067913.0
North America,Canada,2020-08-08,121084.0,233.0,9064.0,4.0,90.0,0.0,38067913.0
North America,Canada,2020-08-09,121296.0,212.0,9067.0,3.0,90.0,0.0,38067913.0
North America,Canada,2020-08-10,121926.0,630.0,9074.0,7.0,83.0,0.0,38067913.0
North America,Canada,2020-08-11,122271.0,345.0,9080.0,6.0,82.0,0.0,38067913.0
North America,Canada,2020-08-12,122580.0,309.0,9085.0,5.0,79.0,0.0,38067913.0
North America,Canada,2020-08-13,123051.0,471.0,9091.0,6.0,78.0,0.0,38067913.0
North America,Canada,2020-08-14,123464.0,413.0,9095.0,4.0,78.0,0.0,38067913.0
North America,Canada,2020-08-15,123670.0,206.0,9101.0,6.0,79.0,0.0,38067913.0
North America,Canada,2020-08-16,123826.0,156.0,9106.0,5.0,79.0,0.0,38067913.0
North America,Canada,2020-08-17,124035.0,209.0,9108.0,2.0,73.0,0.0,38067913.0
North America,Canada,2020-08-18,124936.0,901.0,9118.0,10.0,73.0,0.0,38067913.0
North America,Canada,2020-08-19,125269.0,333.0,9124.0,6.0,74.0,0.0,38067913.0
North America,Canada,2020-08-20,125505.0,236.0,9127.0,3.0,74.0,0.0,38067913.0
North America,Canada,2020-08-21,126212.0,707.0,9141.0,14.0,68.0,0.0,38067913.0
North America,Canada,2020-08-22,126421.0,209.0,9142.0,1.0,60.0,0.0,38067913.0
North America,Canada,2020-08-23,126680.0,259.0,9146.0,4.0,54.0,0.0,38067913.0
North America,Canada,2020-08-24,127433.0,753.0,9154.0,8.0,54.0,0.0,38067913.0
North America,Canada,2020-08-25,127778.0,345.0,9159.0,5.0,54.0,0.0,38067913.0
North America,Canada,2020-08-26,128239.0,461.0,9164.0,5.0,53.0,0.0,38067913.0
North America,Canada,2020-08-27,128706.0,467.0,9168.0,4.0,58.0,0.0,38067913.0
North America,Canada,2020-08-28,129253.0,547.0,9181.0,13.0,59.0,0.0,38067913.0
North America,Canada,2020-08-29,129582.0,329.0,9184.0,3.0,62.0,0.0,38067913.0
North America,Canada,2020-08-30,129829.0,247.0,9185.0,1.0,63.0,0.0,38067913.0
North America,Canada,2020-08-31,130849.0,1020.0,9193.0,8.0,67.0,0.0,38067913.0
North America,Canada,2020-09-01,131385.0,536.0,9197.0,4.0,72.0,0.0,38067913.0
North America,Canada,2020-09-02,131956.0,571.0,9199.0,2.0,66.0,0.0,38067913.0
North America,Canada,2020-09-03,132582.0,626.0,9205.0,6.0,62.0,0.0,38067913.0
North America,Canada,2020-09-04,133197.0,615.0,9206.0,1.0,65.0,0.0,38067913.0
North America,Canada,2020-09-05,133587.0,390.0,9207.0,1.0,64.0,0.0,38067913.0
North America,Canada,2020-09-06,133955.0,368.0,9209.0,2.0,66.0,0.0,38067913.0
North America,Canada,2020-09-07,134335.0,380.0,9212.0,3.0,67.0,0.0,38067913.0
North America,Canada,2020-09-08,135826.0,1491.0,9219.0,7.0,66.0,0.0,38067913.0
North America,Canada,2020-09-09,136276.0,450.0,9223.0,4.0,64.0,0.0,38067913.0
North America,Canada,2020-09-10,137169.0,893.0,9231.0,8.0,59.0,0.0,38067913.0
North America,Canada,2020-09-11,137976.0,807.0,9231.0,0.0,57.0,0.0,38067913.0
North America,Canada,2020-09-12,138515.0,539.0,9233.0,2.0,54.0,0.0,38067913.0
North America,Canada,2020-09-13,139028.0,513.0,9236.0,3.0,58.0,0.0,38067913.0
North America,Canada,2020-09-14,140487.0,1459.0,9249.0,13.0,69.0,0.0,38067913.0
North America,Canada,2020-09-15,141318.0,831.0,9257.0,8.0,79.0,0.0,38067913.0
North America,Canada,2020-09-16,142270.0,952.0,9262.0,5.0,86.0,0.0,38067913.0
North America,Canada,2020-09-17,143149.0,879.0,9267.0,5.0,89.0,0.0,38067913.0
North America,Canada,2020-09-18,144513.0,1364.0,9279.0,12.0,88.0,0.0,38067913.0
North America,Canada,2020-09-19,145137.0,624.0,9286.0,7.0,91.0,0.0,38067913.0
North America,Canada,2020-09-20,146321.0,1184.0,9288.0,2.0,93.0,0.0,38067913.0
North America,Canada,2020-09-21,148046.0,1725.0,9300.0,12.0,93.0,0.0,38067913.0
North America,Canada,2020-09-22,149351.0,1305.0,9309.0,9.0,93.0,0.0,38067913.0
North America,Canada,2020-09-23,150652.0,1301.0,9317.0,8.0,98.0,0.0,38067913.0
North America,Canada,2020-09-24,151944.0,1292.0,9325.0,8.0,105.0,0.0,38067913.0
North America,Canada,2020-09-25,153680.0,1736.0,9332.0,7.0,104.0,0.0,38067913.0
North America,Canada,2020-09-26,154948.0,1268.0,9338.0,6.0,119.0,0.0,38067913.0
North America,Canada,2020-09-27,156560.0,1612.0,9343.0,5.0,115.0,0.0,38067913.0
North America,Canada,2020-09-28,158510.0,1950.0,9360.0,17.0,117.0,0.0,38067913.0
North America,Canada,2020-09-29,160441.0,1931.0,9373.0,13.0,117.0,0.0,38067913.0
North America,Canada,2020-09-30,162736.0,2295.0,9391.0,18.0,125.0,0.0,38067913.0
North America,Canada,2020-10-01,164583.0,1847.0,9407.0,16.0,126.0,0.0,38067913.0
North America,Canada,2020-10-02,166824.0,2241.0,9505.0,98.0,132.0,0.0,38067913.0
North America,Canada,2020-10-03,168178.0,1354.0,9526.0,21.0,147.0,0.0,38067913.0
North America,Canada,2020-10-04,170289.0,2111.0,9570.0,44.0,150.0,0.0,38067913.0
North America,Canada,2020-10-05,172826.0,2537.0,9599.0,29.0,148.0,0.0,38067913.0
North America,Canada,2020-10-06,174835.0,2009.0,9617.0,18.0,150.0,0.0,38067913.0
North America,Canada,2020-10-07,176535.0,1700.0,9636.0,19.0,146.0,0.0,38067913.0
North America,Canada,2020-10-08,178904.0,2369.0,9654.0,18.0,160.0,0.0,38067913.0
North America,Canada,2020-10-09,181837.0,2933.0,9668.0,14.0,158.0,0.0,38067913.0
North America,Canada,2020-10-10,183792.0,1955.0,9694.0,26.0,164.0,0.0,38067913.0
North America,Canada,2020-10-11,185566.0,1774.0,9708.0,14.0,167.0,0.0,38067913.0
North America,Canada,2020-10-12,186494.0,928.0,9720.0,12.0,170.0,0.0,38067913.0
North America,Canada,2020-10-13,190739.0,4245.0,9752.0,32.0,196.0,0.0,38067913.0
North America,Canada,2020-10-14,193208.0,2469.0,9777.0,25.0,192.0,0.0,38067913.0
North America,Canada,2020-10-15,195684.0,2476.0,9796.0,19.0,199.0,0.0,38067913.0
North America,Canada,2020-10-16,198329.0,2645.0,9828.0,32.0,204.0,0.0,38067913.0
North America,Canada,2020-10-17,199525.0,1196.0,9836.0,8.0,207.0,0.0,38067913.0
North America,Canada,2020-10-18,201861.0,2336.0,9860.0,24.0,210.0,0.0,38067913.0
North America,Canada,2020-10-19,204976.0,3115.0,9891.0,31.0,212.0,0.0,38067913.0
North America,Canada,2020-10-20,207465.0,2489.0,9909.0,18.0,220.0,0.0,38067913.0
North America,Canada,2020-10-21,210061.0,2596.0,9946.0,37.0,216.0,0.0,38067913.0
North America,Canada,2020-10-22,212541.0,2480.0,9977.0,31.0,238.0,0.0,38067913.0
North America,Canada,2020-10-23,215574.0,3033.0,10004.0,27.0,237.0,0.0,38067913.0
North America,Canada,2020-10-24,216935.0,1361.0,10026.0,22.0,236.0,0.0,38067913.0
North America,Canada,2020-10-25,219704.0,2769.0,10057.0,31.0,240.0,0.0,38067913.0
North America,Canada,2020-10-26,223984.0,4280.0,10095.0,38.0,240.0,0.0,38067913.0
North America,Canada,2020-10-27,226721.0,2737.0,10120.0,25.0,237.0,0.0,38067913.0
North America,Canada,2020-10-28,229446.0,2725.0,10158.0,38.0,237.0,0.0,38067913.0
North America,Canada,2020-10-29,232497.0,3051.0,10192.0,34.0,229.0,0.0,38067913.0
North America,Canada,2020-10-30,235898.0,3401.0,10237.0,45.0,242.0,0.0,38067913.0
North America,Canada,2020-10-31,238191.0,2293.0,10276.0,39.0,241.0,0.0,38067913.0
North America,Canada,2020-11-01,240586.0,2395.0,10313.0,37.0,242.0,0.0,38067913.0
North America,Canada,2020-11-02,243974.0,3388.0,10345.0,32.0,237.0,0.0,38067913.0
North America,Canada,2020-11-03,248905.0,4931.0,10403.0,58.0,247.0,0.0,38067913.0
North America,Canada,2020-11-04,251822.0,2917.0,10444.0,41.0,246.0,0.0,38067913.0
North America,Canada,2020-11-05,254739.0,2917.0,10484.0,40.0,254.0,0.0,38067913.0
North America,Canada,2020-11-06,260195.0,5456.0,10546.0,62.0,259.0,0.0,38067913.0
North America,Canada,2020-11-07,264545.0,4350.0,10593.0,47.0,274.0,0.0,38067913.0
North America,Canada,2020-11-08,268395.0,3850.0,10641.0,48.0,272.0,0.0,38067913.0
North America,Canada,2020-11-09,273304.0,4909.0,10702.0,61.0,290.0,0.0,38067913.0
North America,Canada,2020-11-10,277892.0,4588.0,10769.0,67.0,305.0,0.0,38067913.0
North America,Canada,2020-11-11,281888.0,3996.0,10832.0,63.0,318.0,0.0,38067913.0
North America,Canada,2020-11-12,287329.0,5441.0,10905.0,73.0,336.0,0.0,38067913.0
North America,Canada,2020-11-13,292173.0,4844.0,10951.0,46.0,353.0,0.0,38067913.0
North America,Canada,2020-11-14,296394.0,4221.0,11013.0,62.0,353.0,0.0,38067913.0
North America,Canada,2020-11-15,300597.0,4203.0,11078.0,65.0,382.0,0.0,38067913.0
North America,Canada,2020-11-16,306437.0,5840.0,11152.0,74.0,393.0,0.0,38067913.0
North America,Canada,2020-11-17,311043.0,4606.0,11220.0,68.0,413.0,0.0,38067913.0
North America,Canada,2020-11-18,315586.0,4543.0,11324.0,104.0,409.0,0.0,38067913.0
North America,Canada,2020-11-19,320481.0,4895.0,11394.0,70.0,439.0,0.0,38067913.0
North America,Canada,2020-11-20,325356.0,4875.0,11461.0,67.0,424.0,0.0,38067913.0
North America,Canada,2020-11-21,330240.0,4884.0,11527.0,66.0,432.0,0.0,38067913.0
North America,Canada,2020-11-22,335038.0,4798.0,11583.0,56.0,446.0,0.0,38067913.0
North America,Canada,2020-11-23,341746.0,6708.0,11662.0,79.0,454.0,0.0,38067913.0
North America,Canada,2020-11-24,347135.0,5389.0,11762.0,100.0,457.0,0.0,38067913.0
North America,Canada,2020-11-25,352376.0,5241.0,11820.0,58.0,461.0,0.0,38067913.0
North America,Canada,2020-11-26,357926.0,5550.0,11902.0,82.0,459.0,0.0,38067913.0
North America,Canada,2020-11-27,363893.0,5967.0,11988.0,86.0,466.0,0.0,38067913.0
North America,Canada,2020-11-28,369533.0,5640.0,12056.0,68.0,474.0,0.0,38067913.0
North America,Canada,2020-11-29,374913.0,5380.0,12130.0,74.0,490.0,0.0,38067913.0
North America,Canada,2020-11-30,382708.0,7795.0,12239.0,109.0,510.0,0.0,38067913.0
North America,Canada,2020-12-01,388543.0,5835.0,12317.0,78.0,538.0,0.0,38067913.0
North America,Canada,2020-12-02,395028.0,6485.0,12423.0,106.0,544.0,0.0,38067913.0
North America,Canada,2020-12-03,401325.0,6297.0,12513.0,90.0,560.0,0.0,38067913.0
North America,Canada,2020-12-04,408165.0,6840.0,12616.0,103.0,571.0,0.0,38067913.0
North America,Canada,2020-12-05,414131.0,5966.0,12690.0,74.0,564.0,0.0,38067913.0
North America,Canada,2020-12-06,420281.0,6150.0,12775.0,85.0,565.0,0.0,38067913.0
North America,Canada,2020-12-07,428054.0,7773.0,12896.0,121.0,584.0,0.0,38067913.0
North America,Canada,2020-12-08,434320.0,6266.0,12993.0,97.0,601.0,0.0,38067913.0
North America,Canada,2020-12-09,440737.0,6417.0,13109.0,116.0,620.0,0.0,38067913.0
North America,Canada,2020-12-10,447341.0,6604.0,13227.0,118.0,631.0,0.0,38067913.0
North America,Canada,2020-12-11,454254.0,6913.0,13355.0,128.0,654.0,0.0,38067913.0
North America,Canada,2020-12-12,460332.0,6078.0,13453.0,98.0,665.0,0.0,38067913.0
North America,Canada,2020-12-13,466016.0,5684.0,13537.0,84.0,685.0,0.0,38067913.0
North America,Canada,2020-12-14,474661.0,8645.0,13677.0,140.0,685.0,0.0,38067913.0
North America,Canada,2020-12-15,480952.0,6291.0,13793.0,116.0,704.0,0.0,38067913.0
North America,Canada,2020-12-16,487685.0,6733.0,13911.0,118.0,720.0,0.0,38067913.0
North America,Canada,2020-12-17,495152.0,7467.0,14067.0,156.0,720.0,0.0,38067913.0
North America,Canada,2020-12-18,502196.0,7044.0,14180.0,113.0,722.0,0.0,38067913.0
North America,Canada,2020-12-19,508672.0,6476.0,14284.0,104.0,728.0,0.0,38067913.0
North America,Canada,2020-12-20,514500.0,5828.0,14374.0,90.0,735.0,0.0,38067913.0
North America,Canada,2020-12-21,522076.0,7576.0,14481.0,107.0,728.0,0.0,38067913.0
North America,Canada,2020-12-22,528307.0,6231.0,14607.0,126.0,728.0,1.0,38067913.0
North America,Canada,2020-12-23,535204.0,6897.0,14752.0,145.0,726.0,1.0,38067913.0
North America,Canada,2020-12-24,541936.0,6732.0,14902.0,150.0,740.0,1.0,38067913.0
North America,Canada,2020-12-25,545983.0,4047.0,14966.0,64.0,740.0,1.0,38067913.0
North America,Canada,2020-12-26,551184.0,5201.0,15051.0,85.0,750.0,1.0,38067913.0
North America,Canada,2020-12-27,556649.0,5465.0,15171.0,120.0,739.0,1.0,38067913.0
North America,Canada,2020-12-28,563156.0,6507.0,15328.0,157.0,757.0,1.0,38067913.0
North America,Canada,2020-12-29,571823.0,8667.0,15528.0,200.0,776.0,2.0,38067913.0
North America,Canada,2020-12-30,580573.0,8750.0,15650.0,122.0,793.0,2.0,38067913.0
North America,Canada,2020-12-31,587429.0,6856.0,15762.0,112.0,816.0,2.0,38067913.0
North America,Canada,2021-01-01,591160.0,3731.0,15806.0,44.0,817.0,3.0,38067913.0
North America,Canada,2021-01-02,598091.0,6931.0,15914.0,108.0,814.0,3.0,38067913.0
North America,Canada,2021-01-03,608736.0,10645.0,16006.0,92.0,840.0,3.0,38067913.0
North America,Canada,2021-01-04,618801.0,10065.0,16247.0,241.0,833.0,3.0,38067913.0
North America,Canada,2021-01-05,626129.0,7328.0,16389.0,142.0,859.0,6.0,38067913.0
North America,Canada,2021-01-06,634437.0,8308.0,16539.0,150.0,870.0,448.0,38067913.0
North America,Canada,2021-01-07,642977.0,8540.0,16704.0,165.0,863.0,1424.0,38067913.0
North America,Canada,2021-01-08,652372.0,9395.0,16846.0,142.0,873.0,2694.0,38067913.0
North America,Canada,2021-01-09,659646.0,7274.0,16984.0,138.0,890.0,3936.0,38067913.0
North America,Canada,2021-01-10,666375.0,6729.0,17074.0,90.0,885.0,3952.0,38067913.0
North America,Canada,2021-01-11,674624.0,8249.0,17199.0,125.0,894.0,3963.0,38067913.0
North America,Canada,2021-01-12,681015.0,6391.0,17359.0,160.0,901.0,5516.0,38067913.0
North America,Canada,2021-01-13,688097.0,7082.0,17539.0,180.0,924.0,13286.0,38067913.0
North America,Canada,2021-01-14,695359.0,7262.0,17686.0,147.0,924.0,16356.0,38067913.0
North America,Canada,2021-01-15,702203.0,6844.0,17856.0,170.0,908.0,19413.0,38067913.0
North America,Canada,2021-01-16,708263.0,6060.0,17978.0,122.0,910.0,20597.0,38067913.0
North America,Canada,2021-01-17,714315.0,6052.0,18106.0,128.0,894.0,21855.0,38067913.0
North America,Canada,2021-01-18,720440.0,6125.0,18231.0,125.0,887.0,22590.0,38067913.0
North America,Canada,2021-01-19,725599.0,5159.0,18382.0,151.0,890.0,24840.0,38067913.0
North America,Canada,2021-01-20,731371.0,5772.0,18567.0,185.0,891.0,37992.0,38067913.0
North America,Canada,2021-01-21,737654.0,6283.0,18706.0,139.0,881.0,43792.0,38067913.0
North America,Canada,2021-01-22,743384.0,5730.0,18887.0,181.0,874.0,50128.0,38067913.0
North America,Canada,2021-01-23,748123.0,4739.0,18992.0,105.0,895.0,54510.0,38067913.0
North America,Canada,2021-01-24,752510.0,4387.0,19119.0,127.0,888.0,57169.0,38067913.0
North America,Canada,2021-01-25,758142.0,5632.0,19245.0,126.0,882.0,65406.0,38067913.0
North America,Canada,2021-01-26,762368.0,4226.0,19392.0,147.0,870.0,73625.0,38067913.0
North America,Canada,2021-01-27,766633.0,4265.0,19485.0,93.0,880.0,83175.0,38067913.0
North America,Canada,2021-01-28,771358.0,4725.0,19676.0,191.0,862.0,93114.0,38067913.0
North America,Canada,2021-01-29,776171.0,4813.0,19825.0,149.0,859.0,102556.0,38067913.0
North America,Canada,2021-01-30,780147.0,3976.0,19958.0,133.0,834.0,111068.0,38067913.0
North America,Canada,2021-01-31,783735.0,3588.0,20041.0,83.0,825.0,113624.0,38067913.0
North America,Canada,2021-02-01,788323.0,4588.0,20145.0,104.0,819.0,118207.0,38067913.0
North America,Canada,2021-02-02,791385.0,3062.0,20242.0,97.0,799.0,123141.0,38067913.0
North America,Canada,2021-02-03,794681.0,3296.0,20361.0,119.0,788.0,132494.0,38067913.0
North America,Canada,2021-02-04,798650.0,3969.0,20486.0,125.0,770.0,145049.0,38067913.0
North America,Canada,2021-02-05,802904.0,4254.0,20607.0,121.0,758.0,158374.0,38067913.0
North America,Canada,2021-02-06,806010.0,3106.0,20700.0,93.0,747.0,172137.0,38067913.0
North America,Canada,2021-02-07,808973.0,2963.0,20760.0,60.0,750.0,179929.0,38067913.0
North America,Canada,2021-02-08,812700.0,3727.0,20830.0,70.0,742.0,190880.0,38067913.0
North America,Canada,2021-02-09,815526.0,2826.0,20914.0,84.0,702.0,208239.0,38067913.0
North America,Canada,2021-02-10,818967.0,3441.0,21007.0,93.0,697.0,228476.0,38067913.0
North America,Canada,2021-02-11,822038.0,3071.0,21089.0,82.0,667.0,249555.0,38067913.0
North America,Canada,2021-02-12,824754.0,2716.0,21168.0,79.0,647.0,272976.0,38067913.0
North America,Canada,2021-02-13,828335.0,3581.0,21238.0,70.0,629.0,294339.0,38067913.0
North America,Canada,2021-02-14,830352.0,2017.0,21261.0,23.0,630.0,308220.0,38067913.0
North America,Canada,2021-02-15,832058.0,1706.0,21298.0,37.0,637.0,317152.0,38067913.0
North America,Canada,2021-02-16,836455.0,4397.0,21395.0,97.0,646.0,334562.0,38067913.0
North America,Canada,2021-02-17,838998.0,2543.0,21439.0,44.0,641.0,351081.0,38067913.0
North America,Canada,2021-02-18,842393.0,3395.0,21509.0,70.0,612.0,370840.0,38067913.0
North America,Canada,2021-02-19,845454.0,3061.0,21581.0,72.0,597.0,395554.0,38067913.0
North America,Canada,2021-02-20,848060.0,2606.0,21631.0,50.0,574.0,413336.0,38067913.0
North America,Canada,2021-02-21,850617.0,2557.0,21675.0,44.0,585.0,425863.0,38067913.0
North America,Canada,2021-02-22,853901.0,3284.0,21724.0,49.0,595.0,458079.0,38067913.0
North America,Canada,2021-02-23,857206.0,3305.0,21763.0,39.0,604.0,476972.0,38067913.0
North America,Canada,2021-02-24,860200.0,2994.0,21810.0,47.0,617.0,491736.0,38067913.0
North America,Canada,2021-02-25,863301.0,3101.0,21868.0,58.0,604.0,508854.0,38067913.0
North America,Canada,2021-02-26,866528.0,3227.0,21916.0,48.0,605.0,521730.0,38067913.0
North America,Canada,2021-02-27,869058.0,2530.0,21961.0,45.0,585.0,529829.0,38067913.0
North America,Canada,2021-02-28,871243.0,2185.0,21995.0,34.0,601.0,535548.0,38067913.0
North America,Canada,2021-03-01,874909.0,3666.0,22018.0,23.0,602.0,548984.0,38067913.0
North America,Canada,2021-03-02,877747.0,2838.0,22046.0,28.0,604.0,559672.0,38067913.0
North America,Canada,2021-03-03,880487.0,2740.0,22106.0,60.0,586.0,566763.0,38067913.0
North America,Canada,2021-03-04,883619.0,3132.0,22152.0,46.0,584.0,572020.0,38067913.0
North America,Canada,2021-03-05,886492.0,2873.0,22193.0,41.0,582.0,575585.0,38067913.0
North America,Canada,2021-03-06,889255.0,2763.0,22214.0,21.0,579.0,578045.0,38067913.0
North America,Canada,2021-03-07,891807.0,2552.0,22240.0,26.0,572.0,579691.0,38067913.0
North America,Canada,2021-03-08,895889.0,4082.0,22277.0,37.0,577.0,589736.0,38067913.0
North America,Canada,2021-03-09,898963.0,3074.0,22305.0,28.0,594.0,593845.0,38067913.0
North America,Canada,2021-03-10,901948.0,2985.0,22336.0,31.0,578.0,599261.0,38067913.0
North America,Canada,2021-03-11,905071.0,3123.0,22372.0,36.0,580.0,604339.0,38067913.0
North America,Canada,2021-03-12,908644.0,3573.0,22405.0,33.0,577.0,607832.0,38067913.0
North America,Canada,2021-03-13,911559.0,2915.0,22435.0,30.0,571.0,610828.0,38067913.0
North America,Canada,2021-03-14,914204.0,2645.0,22464.0,29.0,576.0,612782.0,38067913.0
North America,Canada,2021-03-15,917994.0,3790.0,22496.0,32.0,600.0,618169.0,38067913.0
North America,Canada,2021-03-16,921011.0,3017.0,22520.0,24.0,601.0,622683.0,38067913.0
North America,Canada,2021-03-17,924444.0,3433.0,22555.0,35.0,622.0,628165.0,38067913.0
North America,Canada,2021-03-18,928117.0,3673.0,22591.0,36.0,622.0,633845.0,38067913.0
North America,Canada,2021-03-19,932391.0,4274.0,22618.0,27.0,627.0,640390.0,38067913.0
North America,Canada,2021-03-20,935714.0,3323.0,22644.0,26.0,615.0,645540.0,38067913.0
North America,Canada,2021-03-21,938856.0,3142.0,22677.0,33.0,626.0,648741.0,38067913.0
North America,Canada,2021-03-22,943715.0,4859.0,22717.0,40.0,627.0,652182.0,38067913.0
North America,Canada,2021-03-23,947393.0,3678.0,22736.0,19.0,658.0,656822.0,38067913.0
North America,Canada,2021-03-24,951589.0,4196.0,22760.0,24.0,669.0,661926.0,38067913.0
North America,Canada,2021-03-25,956755.0,5166.0,22791.0,31.0,663.0,668877.0,38067913.0
North America,Canada,2021-03-26,961839.0,5084.0,22827.0,36.0,694.0,677503.0,38067913.0
North America,Canada,2021-03-27,966076.0,4237.0,22853.0,26.0,700.0,684003.0,38067913.0
North America,Canada,2021-03-28,970166.0,4090.0,22881.0,28.0,706.0,688174.0,38067913.0
North America,Canada,2021-03-29,976479.0,6313.0,22901.0,20.0,726.0,694135.0,38067913.0
North America,Canada,2021-03-30,980365.0,3886.0,22927.0,26.0,728.0,702525.0,38067913.0
North America,Canada,2021-03-31,989493.0,9128.0,22960.0,33.0,740.0,711071.0,38067913.0
North America,Canada,2021-04-01,995249.0,5756.0,23003.0,43.0,757.0,721867.0,38067913.0
North America,Canada,2021-04-02,998882.0,3633.0,23032.0,29.0,766.0,728231.0,38067913.0
North America,Canada,2021-04-03,1005978.0,7096.0,23051.0,19.0,801.0,731817.0,38067913.0
North America,Canada,2021-04-04,1009472.0,3494.0,23075.0,24.0,833.0,732694.0,38067913.0
North America,Canada,2021-04-05,1017760.0,8288.0,23096.0,21.0,873.0,746026.0,38067913.0
North America,Canada,2021-04-06,1028626.0,10866.0,23142.0,46.0,879.0,758045.0,38067913.0
North America,Canada,2021-04-07,1036386.0,7760.0,23174.0,32.0,897.0,775852.0,38067913.0
North America,Canada,2021-04-08,1044733.0,8347.0,23212.0,38.0,928.0,794148.0,38067913.0
North America,Canada,2021-04-09,1053999.0,9266.0,23252.0,40.0,962.0,813509.0,38067913.0
North America,Canada,2021-04-10,1061368.0,7369.0,23288.0,36.0,1000.0,830187.0,38067913.0
North America,Canada,2021-04-11,1069041.0,7673.0,23316.0,28.0,1026.0,835183.0,38067913.0
North America,Canada,2021-04-12,1079582.0,10541.0,23357.0,41.0,1059.0,854368.0,38067913.0
North America,Canada,2021-04-13,1087048.0,7466.0,23393.0,36.0,1067.0,869327.0,38067913.0
North America,Canada,2021-04-14,1096000.0,8952.0,23446.0,53.0,1097.0,883266.0,38067913.0
North America,Canada,2021-04-15,1105778.0,9778.0,23501.0,55.0,1117.0,900049.0,38067913.0
North America,Canada,2021-04-16,1115036.0,9258.0,23542.0,41.0,1178.0,907704.0,38067913.0
North America,Canada,2021-04-17,1122116.0,7080.0,23590.0,48.0,1213.0,931734.0,38067913.0
North America,Canada,2021-04-18,1130006.0,7890.0,23624.0,34.0,1237.0,937331.0,38067913.0
North America,Canada,2021-04-19,1140322.0,10316.0,23668.0,44.0,1262.0,957698.0,38067913.0
North America,Canada,2021-04-20,1147636.0,7314.0,23714.0,46.0,1295.0,969598.0,38067913.0
North America,Canada,2021-04-21,1155855.0,8219.0,23764.0,50.0,1325.0,983203.0,38067913.0
North America,Canada,2021-04-22,1164756.0,8901.0,23823.0,59.0,1345.0,1001159.0,38067913.0
North America,Canada,2021-04-23,1173220.0,8464.0,23884.0,61.0,1367.0,1020228.0,38067913.0
North America,Canada,2021-04-24,1180681.0,7461.0,23928.0,44.0,1391.0,1036073.0,38067913.0
North America,Canada,2021-04-25,1187484.0,6803.0,23966.0,38.0,1405.0,1045835.0,38067913.0
North America,Canada,2021-04-26,1196400.0,8916.0,24025.0,59.0,1434.0,1054905.0,38067913.0
North America,Canada,2021-04-27,1203429.0,7029.0,24066.0,41.0,1436.0,1075659.0,38067913.0
North America,Canada,2021-04-28,1211651.0,8222.0,24118.0,52.0,1431.0,1092121.0,38067913.0
North America,Canada,2021-04-29,1220914.0,9263.0,24170.0,52.0,1463.0,1113120.0,38067913.0
North America,Canada,2021-04-30,1229305.0,8391.0,24220.0,50.0,1456.0,1131122.0,38067913.0
North America,Canada,2021-05-01,1235669.0,6364.0,24262.0,42.0,1469.0,1150212.0,38067913.0
North America,Canada,2021-05-02,1241406.0,5737.0,24301.0,39.0,1468.0,1161709.0,38067913.0
North America,Canada,2021-05-03,1252391.0,10985.0,24343.0,42.0,1462.0,1170449.0,38067913.0
North America,Canada,2021-05-04,1259137.0,6746.0,24400.0,57.0,1462.0,1190321.0,38067913.0
North America,Canada,2021-05-05,1266916.0,7779.0,24451.0,51.0,1438.0,1208779.0,38067913.0
North America,Canada,2021-05-06,1275006.0,8090.0,24490.0,39.0,1425.0,1231759.0,38067913.0
North America,Canada,2021-05-07,1282734.0,7728.0,24530.0,40.0,1409.0,1257579.0,38067913.0
North America,Canada,2021-05-08,1288676.0,5942.0,24569.0,39.0,1391.0,1278194.0,38067913.0
North America,Canada,2021-05-09,1294118.0,5442.0,24627.0,58.0,1386.0,1286599.0,38067913.0
North America,Canada,2021-05-10,1302989.0,8871.0,24683.0,56.0,1368.0,1304807.0,38067913.0
North America,Canada,2021-05-11,1308541.0,5552.0,24715.0,32.0,1345.0,1324619.0,38067913.0
North America,Canada,2021-05-12,1315207.0,6666.0,24769.0,54.0,1329.0,1348808.0,38067913.0
North America,Canada,2021-05-13,1321104.0,5897.0,24826.0,57.0,1330.0,1377806.0,38067913.0
North America,Canada,2021-05-14,1327839.0,6735.0,24870.0,44.0,1343.0,1413171.0,38067913.0
North America,Canada,2021-05-15,1332229.0,4390.0,24909.0,39.0,1346.0,1438441.0,38067913.0
North America,Canada,2021-05-16,1336374.0,4145.0,24949.0,40.0,1350.0,1454104.0,38067913.0
North America,Canada,2021-05-17,1342824.0,6450.0,24983.0,34.0,1332.0,1468784.0,38067913.0
North America,Canada,2021-05-18,1346736.0,3912.0,25019.0,36.0,1321.0,1496930.0,38067913.0
North America,Canada,2021-05-19,1351766.0,5030.0,25067.0,48.0,1283.0,1533515.0,38067913.0
North America,Canada,2021-05-20,1356616.0,4850.0,25112.0,45.0,1243.0,1577950.0,38067913.0
North America,Canada,2021-05-21,1360950.0,4334.0,25163.0,51.0,1233.0,1632148.0,38067913.0
North America,Canada,2021-05-22,1364195.0,3245.0,25204.0,41.0,1204.0,1682472.0,38067913.0
North America,Canada,2021-05-23,1367023.0,2828.0,25232.0,28.0,1190.0,1706455.0,38067913.0
North America,Canada,2021-05-24,1368739.0,1716.0,25262.0,30.0,1171.0,1726387.0,38067913.0
North America,Canada,2021-05-25,1372490.0,3751.0,25325.0,63.0,1174.0,1749400.0,38067913.0
North America,Canada,2021-05-26,1374976.0,2486.0,25362.0,37.0,1149.0,1802878.0,38067913.0
North America,Canada,2021-05-27,1379674.0,4698.0,25412.0,50.0,1108.0,1866070.0,38067913.0
North America,Canada,2021-05-28,1382769.0,3095.0,25441.0,29.0,1078.0,1937922.0,38067913.0
North America,Canada,2021-05-29,1384928.0,2159.0,25479.0,38.0,1050.0,2007771.0,38067913.0
North America,Canada,2021-05-30,1386871.0,1943.0,25513.0,34.0,1040.0,2073875.0,38067913.0
North America,Canada,2021-05-31,1389814.0,2943.0,25548.0,35.0,1032.0,2139416.0,38067913.0
North America,Canada,2021-06-01,1391540.0,1726.0,25567.0,19.0,988.0,2222979.0,38067913.0
North America,Canada,2021-06-02,1393730.0,2190.0,25613.0,46.0,953.0,2324364.0,38067913.0
North America,Canada,2021-06-03,1395909.0,2179.0,25645.0,32.0,898.0,2464483.0,38067913.0
North America,Canada,2021-06-04,1397898.0,1989.0,25680.0,35.0,852.0,2634678.0,38067913.0
North America,Canada,2021-06-05,1399231.0,1333.0,25713.0,33.0,834.0,2779889.0,38067913.0
North America,Canada,2021-06-06,1400580.0,1349.0,25725.0,12.0,815.0,2906466.0,38067913.0
North America,Canada,2021-06-07,1402369.0,1789.0,25762.0,37.0,806.0,3060747.0,38067913.0
North America,Canada,2021-06-08,1403490.0,1121.0,25792.0,30.0,778.0,3250887.0,38067913.0
North America,Canada,2021-06-09,1404927.0,1437.0,25844.0,52.0,752.0,3490333.0,38067913.0
North America,Canada,2021-06-10,1406417.0,1490.0,25874.0,30.0,733.0,3790710.0,38067913.0
North America,Canada,2021-06-11,1407795.0,1378.0,25887.0,13.0,711.0,4119783.0,38067913.0
North America,Canada,2021-06-12,1408935.0,1140.0,25915.0,28.0,681.0,4411834.0,38067913.0
North America,Canada,2021-06-13,1409909.0,974.0,25932.0,17.0,690.0,4673552.0,38067913.0
North America,Canada,2021-06-14,1411228.0,1319.0,25946.0,14.0,664.0,4990517.0,38067913.0
North America,Canada,2021-06-15,1412121.0,893.0,25973.0,27.0,624.0,5321555.0,38067913.0
North America,Canada,2021-06-16,1413203.0,1082.0,26002.0,29.0,609.0,5688674.0,38067913.0
North America,Canada,2021-06-17,1414304.0,1101.0,26013.0,11.0,579.0,6092047.0,38067913.0
North America,Canada,2021-06-18,1415272.0,968.0,26024.0,11.0,572.0,6529912.0,38067913.0
North America,Canada,2021-06-19,1416009.0,737.0,26055.0,31.0,545.0,6884371.0,38067913.0
North America,Canada,2021-06-20,1416589.0,580.0,26077.0,22.0,547.0,7174726.0,38067913.0
North America,Canada,2021-06-21,1417625.0,1036.0,26103.0,26.0,538.0,7500859.0,38067913.0
North America,Canada,2021-06-22,1418135.0,510.0,26156.0,53.0,520.0,7910137.0,38067913.0
North America,Canada,2021-06-23,1418853.0,718.0,26176.0,20.0,514.0,8367662.0,38067913.0
North America,Canada,2021-06-24,1419569.0,716.0,26193.0,17.0,491.0,8891527.0,38067913.0
North America,Canada,2021-06-25,1420191.0,622.0,26198.0,5.0,478.0,9356822.0,38067913.0
North America,Canada,2021-06-26,1420724.0,533.0,26215.0,17.0,477.0,9756793.0,38067913.0
North America,Canada,2021-06-27,1421122.0,398.0,26228.0,13.0,479.0,10074700.0,38067913.0
North America,Canada,2021-06-28,1422053.0,931.0,26239.0,11.0,458.0,10696323.0,38067913.0
North America,Canada,2021-06-29,1422618.0,565.0,26275.0,36.0,438.0,11226699.0,38067913.0
North America,Canada,2021-06-30,1423170.0,552.0,26296.0,21.0,434.0,11777117.0,38067913.0
North America,Canada,2021-07-01,1423321.0,151.0,26315.0,19.0,435.0,12198554.0,38067913.0
North America,Canada,2021-07-02,1424160.0,839.0,26339.0,24.0,404.0,12709604.0,38067913.0
North America,Canada,2021-07-03,1424502.0,342.0,26349.0,10.0,387.0,13040331.0,38067913.0
North America,Canada,2021-07-04,1424784.0,282.0,26361.0,12.0,380.0,13331085.0,38067913.0
North America,Canada,2021-07-05,1425594.0,810.0,26369.0,8.0,360.0,13876048.0,38067913.0
North America,Canada,2021-07-06,1425884.0,290.0,26382.0,13.0,353.0,14315888.0,38067913.0
North America,Canada,2021-07-07,1426435.0,551.0,26388.0,6.0,339.0,14776180.0,38067913.0
North America,Canada,2021-07-08,1427027.0,592.0,26406.0,18.0,335.0,15337883.0,38067913.0
North America,Canada,2021-07-09,1427582.0,555.0,26420.0,14.0,322.0,15833178.0,38067913.0
North America,Canada,2021-07-10,1427899.0,317.0,26429.0,9.0,317.0,16164935.0,38067913.0
North America,Canada,2021-07-11,1428161.0,262.0,26437.0,8.0,319.0,16423251.0,38067913.0
North America,Canada,2021-07-12,1428687.0,526.0,26440.0,3.0,318.0,16874288.0,38067913.0
North America,Canada,2021-07-13,1429029.0,342.0,26451.0,11.0,307.0,17251309.0,38067913.0
North America,Canada,2021-07-14,1429369.0,340.0,26459.0,8.0,290.0,17633834.0,38067913.0
North America,Canada,2021-07-15,1429747.0,378.0,26473.0,14.0,273.0,18026795.0,38067913.0
North America,Canada,2021-07-16,1430127.0,380.0,26490.0,17.0,259.0,18412793.0,38067913.0
North America,Canada,2021-07-17,1430437.0,310.0,26494.0,4.0,252.0,18681854.0,38067913.0
North America,Canada,2021-07-18,1430740.0,303.0,26501.0,7.0,252.0,18883349.0,38067913.0
North America,Canada,2021-07-19,1431378.0,638.0,26505.0,4.0,250.0,19266611.0,38067913.0
North America,Canada,2021-07-20,1431691.0,313.0,26509.0,4.0,249.0,19565469.0,38067913.0
North America,Canada,2021-07-21,1432208.0,517.0,26513.0,4.0,248.0,19911150.0,38067913.0
North America,Canada,2021-07-22,1432606.0,398.0,26527.0,14.0,242.0,20250237.0,38067913.0
North America,Canada,2021-07-23,1433200.0,594.0,26540.0,13.0,234.0,20564400.0,38067913.0
North America,Canada,2021-07-24,1433525.0,325.0,26545.0,5.0,231.0,20782670.0,38067913.0
North America,Canada,2021-07-25,1433792.0,267.0,26549.0,4.0,228.0,20956259.0,38067913.0
North America,Canada,2021-07-26,1434866.0,1074.0,26554.0,5.0,225.0,21305448.0,38067913.0
North America,Canada,2021-07-27,1435403.0,537.0,26561.0,7.0,228.0,21547505.0,38067913.0
North America,Canada,2021-07-28,1436199.0,796.0,26571.0,10.0,218.0,21783373.0,38067913.0
North America,Canada,2021-07-29,1437111.0,912.0,26577.0,6.0,219.0,22013722.0,38067913.0
North America,Canada,2021-07-30,1438021.0,910.0,26593.0,16.0,207.0,22232428.0,38067913.0
North America,Canada,2021-07-31,1438457.0,436.0,26599.0,6.0,201.0,22387511.0,38067913.0
North America,Canada,2021-08-01,1438817.0,360.0,26601.0,2.0,199.0,22511850.0,38067913.0
North America,Canada,2021-08-02,1439032.0,215.0,26602.0,1.0,199.0,22593297.0,38067913.0
North America,Canada,2021-08-03,1441275.0,2243.0,26608.0,6.0,196.0,22832510.0,38067913.0
North America,Canada,2021-08-04,1442255.0,980.0,26619.0,11.0,202.0,22970427.0,38067913.0
North America,Canada,2021-08-05,1443778.0,1523.0,26638.0,19.0,200.0,23125079.0,38067913.0
North America,Canada,2021-08-06,1445330.0,1552.0,26655.0,17.0,202.0,23267702.0,38067913.0
North America,Canada,2021-08-07,1445915.0,585.0,26664.0,9.0,203.0,23371737.0,38067913.0
North America,Canada,2021-08-08,1446497.0,582.0,26670.0,6.0,206.0,23454726.0,38067913.0
North America,Canada,2021-08-09,1449706.0,3209.0,26679.0,9.0,202.0,23607045.0,38067913.0
North America,Canada,2021-08-10,1451040.0,1334.0,26684.0,5.0,207.0,23716717.0,38067913.0
North America,Canada,2021-08-11,1453000.0,1960.0,26689.0,5.0,219.0,23825594.0,38067913.0
North America,Canada,2021-08-12,1455141.0,2141.0,26693.0,4.0,233.0,23945201.0,38067913.0
North America,Canada,2021-08-13,1457457.0,2316.0,26699.0,6.0,235.0,24058411.0,38067913.0
North America,Canada,2021-08-14,1458325.0,868.0,26702.0,3.0,236.0,24150522.0,38067913.0
North America,Canada,2021-08-15,1459069.0,744.0,26701.0,-1.0,241.0,24229281.0,38067913.0
North America,Canada,2021-08-16,1463616.0,4547.0,26705.0,4.0,261.0,24360564.0,38067913.0
North America,Canada,2021-08-17,1465478.0,1862.0,26720.0,15.0,274.0,24468475.0,38067913.0
North America,Canada,2021-08-18,1467834.0,2356.0,26762.0,42.0,288.0,24562728.0,38067913.0
North America,Canada,2021-08-19,1470803.0,2969.0,26784.0,22.0,284.0,24662167.0,38067913.0
North America,Canada,2021-08-20,1473801.0,2998.0,26790.0,6.0,303.0,24752920.0,38067913.0
North America,Canada,2021-08-21,1474854.0,1053.0,26791.0,1.0,298.0,24827798.0,38067913.0
North America,Canada,2021-08-22,1476010.0,1156.0,26793.0,2.0,306.0,24886760.0,38067913.0
North America,Canada,2021-08-23,1481455.0,5445.0,26815.0,22.0,345.0,24977514.0,38067913.0
North America,Canada,2021-08-24,1483660.0,2205.0,26849.0,34.0,352.0,25061592.0,38067913.0
North America,Canada,2021-08-25,1487197.0,3537.0,26919.0,70.0,367.0,25130993.0,38067913.0
North America,Canada,2021-08-26,1490617.0,3420.0,26929.0,10.0,388.0,25212942.0,38067913.0
North America,Canada,2021-08-27,1494397.0,3780.0,26946.0,17.0,395.0,25288011.0,38067913.0
North America,Canada,2021-08-28,1495859.0,1462.0,26953.0,7.0,402.0,25342990.0,38067913.0
North America,Canada,2021-08-29,1497283.0,1424.0,26954.0,1.0,398.0,25390677.0,38067913.0
North America,Canada,2021-08-30,1504157.0,6874.0,26972.0,18.0,432.0,25470637.0,38067913.0
North America,Canada,2021-08-31,1507092.0,2935.0,26989.0,17.0,452.0,25522625.0,38067913.0
North America,Canada,2021-09-01,1511046.0,3954.0,27020.0,31.0,465.0,25584928.0,38067913.0
North America,Canada,2021-09-02,1515042.0,3996.0,27045.0,25.0,473.0,25639587.0,38067913.0
North America,Canada,2021-09-03,1519248.0,4206.0,27061.0,16.0,489.0,25700670.0,38067913.0
North America,Canada,2021-09-04,1520899.0,1651.0,27069.0,8.0,491.0,25747556.0,38067913.0
North America,Canada,2021-09-05,1522643.0,1744.0,27072.0,3.0,501.0,25784916.0,38067913.0
North America,Canada,2021-09-06,1523693.0,1050.0,27073.0,1.0,526.0,25806079.0,38067913.0
North America,Canada,2021-09-07,1533589.0,9896.0,27122.0,49.0,567.0,25865904.0,38067913.0
North America,Canada,2021-09-08,1537294.0,3705.0,27164.0,42.0,598.0,25912880.0,38067913.0
North America,Canada,2021-09-09,1541555.0,4261.0,27190.0,26.0,597.0,25966696.0,38067913.0
North America,Canada,2021-09-10,1546154.0,4599.0,27230.0,40.0,616.0,26021043.0,38067913.0
North America,Canada,2021-09-11,1547099.0,945.0,27235.0,5.0,626.0,26064301.0,38067913.0
North America,Canada,2021-09-12,1549902.0,2803.0,27247.0,12.0,632.0,26099675.0,38067913.0
North America,Canada,2021-09-13,1559129.0,9227.0,27289.0,42.0,671.0,26154961.0,38067913.0
North America,Canada,2021-09-14,1563143.0,4014.0,27315.0,26.0,687.0,26194308.0,38067913.0
North America,Canada,2021-09-15,1567557.0,4414.0,27356.0,41.0,690.0,26239859.0,38067913.0
North America,Canada,2021-09-16,1572228.0,4671.0,27377.0,21.0,703.0,26293698.0,38067913.0
North America,Canada,2021-09-17,1577335.0,5107.0,27421.0,44.0,712.0,26352475.0,38067913.0
North America,Canada,2021-09-18,1579181.0,1846.0,27434.0,13.0,704.0,26393304.0,38067913.0
North America,Canada,2021-09-19,1581003.0,1822.0,27445.0,11.0,705.0,26427763.0,38067913.0
North America,Canada,2021-09-20,1589989.0,8986.0,27487.0,42.0,725.0,26494054.0,38067913.0
North America,Canada,2021-09-21,1593674.0,3685.0,27539.0,52.0,725.0,26544927.0,38067913.0
North America,Canada,2021-09-22,1597789.0,4115.0,27590.0,51.0,749.0,26596103.0,38067913.0
North America,Canada,2021-09-23,1602413.0,4624.0,27636.0,46.0,742.0,26656853.0,38067913.0
North America,Canada,2021-09-24,1606974.0,4561.0,27677.0,41.0,768.0,26722030.0,38067913.0
North America,Canada,2021-09-25,1608019.0,1045.0,27690.0,13.0,754.0,26768204.0,38067913.0
North America,Canada,2021-09-26,1609156.0,1137.0,27695.0,5.0,753.0,26810928.0,38067913.0
North America,Canada,2021-09-27,1620537.0,11381.0,27751.0,56.0,784.0,26872085.0,38067913.0
North America,Canada,2021-09-28,1624001.0,3464.0,27808.0,57.0,779.0,26913108.0,38067913.0
North America,Canada,2021-09-29,1628329.0,4328.0,27875.0,67.0,778.0,26963783.0,38067913.0
North America,Canada,2021-09-30,1631647.0,3318.0,27914.0,39.0,780.0,27019931.0,38067913.0
North America,Canada,2021-10-01,1637441.0,5794.0,27974.0,60.0,754.0,27072837.0,38067913.0
North America,Canada,2021-10-02,1639169.0,1728.0,27996.0,22.0,752.0,27111048.0,38067913.0
North America,Canada,2021-10-03,1640565.0,1396.0,28002.0,6.0,760.0,27142252.0,38067913.0
North America,Canada,2021-10-04,1648942.0,8377.0,28054.0,52.0,764.0,27201011.0,38067913.0
North America,Canada,2021-10-05,1651603.0,2661.0,28109.0,55.0,759.0,27244079.0,38067913.0
North America,Canada,2021-10-06,1655406.0,3803.0,28165.0,56.0,752.0,27290541.0,38067913.0
North America,Canada,2021-10-07,1659517.0,4111.0,28196.0,31.0,746.0,27335305.0,38067913.0
North America,Canada,2021-10-08,1663716.0,4199.0,28239.0,43.0,746.0,27385016.0,38067913.0
North America,Canada,2021-10-09,1665339.0,1623.0,28246.0,7.0,752.0,27422667.0,38067913.0
North America,Canada,2021-10-10,1666951.0,1612.0,28254.0,8.0,753.0,27454543.0,38067913.0
North America,Canada,2021-10-11,1668068.0,1117.0,28264.0,10.0,745.0,27469924.0,38067913.0
North America,Canada,2021-10-12,1675805.0,7737.0,28343.0,79.0,741.0,27519577.0,38067913.0
North America,Canada,2021-10-13,1678511.0,2706.0,28422.0,79.0,737.0,27567212.0,38067913.0
North America,Canada,2021-10-14,1681669.0,3158.0,28474.0,52.0,731.0,27618125.0,38067913.0
North America,Canada,2021-10-15,1685112.0,3443.0,28521.0,47.0,736.0,27668159.0,38067913.0
North America,Canada,2021-10-16,1686662.0,1550.0,28534.0,13.0,740.0,27700461.0,38067913.0
North America,Canada,2021-10-17,1687939.0,1277.0,28545.0,11.0,743.0,27729050.0,38067913.0
North America,Canada,2021-10-18,1693442.0,5503.0,28616.0,71.0,745.0,27787036.0,38067913.0
North America,Canada,2021-10-19,1695788.0,2346.0,28657.0,41.0,717.0,27823372.0,38067913.0
North America,Canada,2021-10-20,1698515.0,2727.0,28698.0,41.0,695.0,27868142.0,38067913.0
North America,Canada,2021-10-21,1701354.0,2839.0,28722.0,24.0,687.0,27911338.0,38067913.0
North America,Canada,2021-10-22,1704019.0,2665.0,28782.0,60.0,670.0,27959770.0,38067913.0
North America,Canada,2021-10-23,1705750.0,1731.0,28797.0,15.0,654.0,27988077.0,38067913.0
North America,Canada,2021-10-24,1707278.0,1528.0,28801.0,4.0,648.0,28012760.0,38067913.0
North America,Canada,2021-10-25,1710785.0,3507.0,28858.0,57.0,645.0,28072232.0,38067913.0
North America,Canada,2021-10-26,1712581.0,1796.0,28894.0,36.0,643.0,28112904.0,38067913.0
North America,Canada,2021-10-27,1715122.0,2541.0,28934.0,40.0,636.0,28152783.0,38067913.0
North America,Canada,2021-10-28,1717762.0,2640.0,28981.0,47.0,638.0,28193077.0,38067913.0
North America,Canada,2021-10-29,1720340.0,2578.0,29005.0,24.0,630.0,28232591.0,38067913.0
North America,Canada,2021-10-30,1721987.0,1647.0,29016.0,11.0,631.0,28257567.0,38067913.0
North America,Canada,2021-10-31,1723506.0,1519.0,29022.0,6.0,630.0,28280047.0,38067913.0
North America,Canada,2021-11-01,1726732.0,3226.0,29077.0,55.0,593.0,28324643.0,38067913.0
North America,Canada,2021-11-02,1728543.0,1811.0,29110.0,33.0,589.0,28345138.0,38067913.0
North America,Canada,2021-11-03,1730818.0,2275.0,29149.0,39.0,586.0,28379118.0,38067913.0
North America,Canada,2021-11-04,1733440.0,2622.0,29169.0,20.0,555.0,28414026.0,38067913.0
North America,Canada,2021-11-05,1735964.0,2524.0,29185.0,16.0,539.0,28446709.0,38067913.0
North America,Canada,2021-11-06,1737252.0,1288.0,29192.0,7.0,542.0,28460991.0,38067913.0
North America,Canada,2021-11-07,1738543.0,1291.0,29203.0,11.0,534.0,28478818.0,38067913.0
North America,Canada,2021-11-08,1743338.0,4795.0,29246.0,43.0,518.0,28522993.0,38067913.0
North America,Canada,2021-11-09,1745702.0,2364.0,29273.0,27.0,522.0,28546674.0,38067913.0
North America,Canada,2021-11-10,1748359.0,2657.0,29303.0,30.0,513.0,28581916.0,38067913.0
North America,Canada,2021-11-11,1749800.0,1441.0,29317.0,14.0,503.0,28601613.0,38067913.0
North America,Canada,2021-11-12,1753722.0,3922.0,29362.0,45.0,493.0,28639191.0,38067913.0
North America,Canada,2021-11-13,1755074.0,1352.0,29376.0,14.0,495.0,28657208.0,38067913.0
North America,Canada,2021-11-14,1756452.0,1378.0,29385.0,9.0,495.0,28674737.0,38067913.0
North America,Canada,2021-11-15,1760822.0,4370.0,29437.0,52.0,496.0,28709667.0,38067913.0
North America,Canada,2021-11-16,1762638.0,1816.0,29458.0,21.0,486.0,28734721.0,38067913.0
North America,Canada,2021-11-17,1765164.0,2526.0,29485.0,27.0,484.0,28767835.0,38067913.0
North America,Canada,2021-11-18,1767962.0,2798.0,29516.0,31.0,468.0,28798541.0,38067913.0
North America,Canada,2021-11-19,1770775.0,2813.0,29534.0,18.0,464.0,28824276.0,38067913.0
North America,Canada,2021-11-20,1772484.0,1709.0,29544.0,10.0,464.0,28841059.0,38067913.0
North America,Canada,2021-11-21,1773959.0,1475.0,29551.0,7.0,468.0,28853929.0,38067913.0
North America,Canada,2021-11-22,1778420.0,4461.0,29579.0,28.0,473.0,28887249.0,38067913.0
North America,Canada,2021-11-23,1780643.0,2223.0,29608.0,29.0,472.0,28902448.0,38067913.0
North America,Canada,2021-11-24,1783319.0,2676.0,29635.0,27.0,473.0,28914962.0,38067913.0
North America,Canada,2021-11-25,1787542.0,4223.0,29655.0,20.0,477.0,28939125.0,38067913.0
North America,Canada,2021-11-26,1790579.0,3037.0,29671.0,16.0,476.0,28964500.0,38067913.0
North America,Canada,2021-11-27,1792561.0,1982.0,29681.0,10.0,466.0,28977403.0,38067913.0
North America,Canada,2021-11-28,1794286.0,1725.0,29686.0,5.0,465.0,28987779.0,38067913.0
North America,Canada,2021-11-29,1798515.0,4229.0,29723.0,37.0,470.0,29010587.0,38067913.0
North America,Canada,2021-11-30,1800867.0,2352.0,29739.0,16.0,470.0,29024735.0,38067913.0
North America,Canada,2021-12-01,1804094.0,3227.0,29767.0,28.0,466.0,29047132.0,38067913.0
North America,Canada,2021-12-02,1807312.0,3218.0,29790.0,23.0,461.0,29065536.0,38067913.0
North America,Canada,2021-12-03,1810825.0,3513.0,29811.0,21.0,454.0,29082569.0,38067913.0
North America,Canada,2021-12-04,1813304.0,2479.0,29819.0,8.0,467.0,29093311.0,38067913.0
North America,Canada,2021-12-05,1815686.0,2382.0,29821.0,2.0,469.0,29101944.0,38067913.0
North America,Canada,2021-12-06,1820693.0,5007.0,29854.0,33.0,473.0,29123034.0,38067913.0
North America,Canada,2021-12-07,1823695.0,3002.0,29880.0,26.0,466.0,29137200.0,38067913.0
North America,Canada,2021-12-08,1827339.0,3644.0,29905.0,25.0,446.0,29157343.0,38067913.0
North America,Canada,2021-12-09,1831341.0,4002.0,29930.0,25.0,443.0,29168167.0,38067913.0
North America,Canada,2021-12-10,1834633.0,3292.0,29953.0,23.0,439.0,29181016.0,38067913.0
North America,Canada,2021-12-11,1839963.0,5330.0,29963.0,10.0,435.0,29191699.0,38067913.0
North America,Canada,2021-12-12,1841976.0,2013.0,29964.0,1.0,450.0,29199358.0,38067913.0
North America,Canada,2021-12-13,1849981.0,8005.0,29994.0,30.0,458.0,29217482.0,38067913.0
North America,Canada,2021-12-14,1854514.0,4533.0,30022.0,28.0,472.0,29229324.0,38067913.0
North America,Canada,2021-12-15,1860556.0,6042.0,30047.0,25.0,458.0,29244693.0,38067913.0
North America,Canada,2021-12-16,1868086.0,7530.0,30065.0,18.0,453.0,29254895.0,38067913.0
North America,Canada,2021-12-17,1877411.0,9325.0,30087.0,22.0,443.0,29270094.0,38067913.0
North America,Canada,2021-12-18,1883674.0,6263.0,30092.0,5.0,450.0,29279704.0,38067913.0
North America,Canada,2021-12-19,1891123.0,7449.0,30097.0,5.0,461.0,29287131.0,38067913.0
North America,Canada,2021-12-20,1908224.0,17101.0,30116.0,19.0,470.0,29308909.0,38067913.0
North America,Canada,2021-12-21,1920427.0,12203.0,30140.0,24.0,475.0,29316253.0,38067913.0
North America,Canada,2021-12-22,1935823.0,15396.0,30167.0,27.0,466.0,29336821.0,38067913.0
North America,Canada,2021-12-23,1958253.0,22430.0,30185.0,18.0,476.0,29352145.0,38067913.0
North America,Canada,2021-12-24,1982343.0,24090.0,30199.0,14.0,462.0,29352145.0,38067913.0
North America,Canada,2021-12-25,1992231.0,9888.0,30203.0,4.0,462.0,29366937.0,38067913.0
North America,Canada,2021-12-26,2000709.0,8478.0,30206.0,3.0,462.0,29367201.0,38067913.0
North America,Canada,2021-12-27,2019852.0,19143.0,30229.0,23.0,474.0,29369067.0,38067913.0
North America,Canada,2021-12-28,2037618.0,17766.0,30251.0,22.0,497.0,29377904.0,38067913.0
North America,Canada,2021-12-29,2117629.0,80011.0,30307.0,56.0,499.0,29391565.0,38067913.0
North America,Canada,2021-12-30,2152633.0,35004.0,30328.0,21.0,514.0,29402591.0,38067913.0
North America,Canada,2021-12-31,2200044.0,47411.0,30377.0,49.0,544.0,29414103.0,38067913.0
North America,Canada,2022-01-01,2218837.0,18793.0,30386.0,9.0,555.0,29419071.0,38067913.0
North America,Canada,2022-01-02,2238448.0,19611.0,30401.0,15.0,574.0,29420224.0,38067913.0
North America,Canada,2022-01-03,2271347.0,32899.0,30429.0,28.0,615.0,29425975.0,38067913.0
North America,Canada,2022-01-04,2355537.0,84190.0,30491.0,62.0,662.0,29450265.0,38067913.0
North America,Canada,2022-01-05,2394518.0,38981.0,30581.0,90.0,701.0,29467043.0,38067913.0
North America,Canada,2022-01-06,2436468.0,41950.0,30648.0,67.0,753.0,29490152.0,38067913.0
North America,Canada,2022-01-07,2480993.0,44525.0,30731.0,83.0,793.0,29504056.0,38067913.0
North America,Canada,2022-01-08,2507028.0,26035.0,30752.0,21.0,858.0,29517260.0,38067913.0
North America,Canada,2022-01-09,2532885.0,25857.0,30812.0,60.0,896.0,29528397.0,38067913.0
North America,Canada,2022-01-10,2598598.0,65713.0,30924.0,112.0,917.0,29551323.0,38067913.0
North America,Canada,2022-01-11,2627864.0,29266.0,31017.0,93.0,980.0,29570238.0,38067913.0
North America,Canada,2022-01-12,2663633.0,35769.0,31147.0,130.0,1022.0,29590157.0,38067913.0
North America,Canada,2022-01-13,2695122.0,31489.0,31259.0,112.0,1027.0,29612110.0,38067913.0
North America,Canada,2022-01-14,2735428.0,40306.0,31402.0,143.0,1053.0,29635733.0,38067913.0
North America,Canada,2022-01-15,2750742.0,15314.0,31521.0,119.0,1086.0,29655803.0,38067913.0
North America,Canada,2022-01-16,2765668.0,14926.0,31574.0,53.0,1118.0,29671835.0,38067913.0
North America,Canada,2022-01-17,2815312.0,49644.0,31750.0,176.0,1147.0,29691756.0,38067913.0
North America,Canada,2022-01-18,2829144.0,13832.0,31863.0,113.0,1185.0,29701817.0,38067913.0
North America,Canada,2022-01-19,2845993.0,16849.0,31982.0,119.0,1195.0,29715902.0,38067913.0
North America,Canada,2022-01-20,2861768.0,15775.0,32118.0,136.0,1203.0,29731011.0,38067913.0
North America,Canada,2022-01-21,2877590.0,15822.0,32217.0,99.0,1196.0,29754227.0,38067913.0
North America,Canada,2022-01-22,2885629.0,8039.0,32294.0,77.0,1219.0,29770485.0,38067913.0
